{
    "name": "root",
    "gauges": {
        "Mover.Policy.Entropy.mean": {
            "value": -1.1920928244535389e-07,
            "min": -1.1920928244535389e-07,
            "max": -1.1920927533992653e-07,
            "count": 2
        },
        "Mover.Policy.Entropy.sum": {
            "value": -0.00023841856454964727,
            "min": -0.0002387761778663844,
            "max": -0.00023841856454964727,
            "count": 2
        },
        "Mover.Step.mean": {
            "value": 3999.0,
            "min": 1997.0,
            "max": 3999.0,
            "count": 2
        },
        "Mover.Step.sum": {
            "value": 3999.0,
            "min": 1997.0,
            "max": 3999.0,
            "count": 2
        },
        "Mover.Policy.ExtrinsicValueEstimate.mean": {
            "value": -0.050225630402565,
            "min": -0.15474054217338562,
            "max": -0.050225630402565,
            "count": 2
        },
        "Mover.Policy.ExtrinsicValueEstimate.sum": {
            "value": -33.55072021484375,
            "min": -103.21194458007812,
            "max": -33.55072021484375,
            "count": 2
        },
        "Mover.Losses.PolicyLoss.mean": {
            "value": 0.12230556008580606,
            "min": 0.12230556008580606,
            "max": 0.1364959466126969,
            "count": 2
        },
        "Mover.Losses.PolicyLoss.sum": {
            "value": 0.9784444806864485,
            "min": 0.9554716262888783,
            "max": 0.9784444806864485,
            "count": 2
        },
        "Mover.Losses.ValueLoss.mean": {
            "value": 0.0019549771370748203,
            "min": 0.0019549771370748203,
            "max": 0.00215019904654972,
            "count": 2
        },
        "Mover.Losses.ValueLoss.sum": {
            "value": 0.015639817096598563,
            "min": 0.01505139332584804,
            "max": 0.015639817096598563,
            "count": 2
        },
        "Mover.Policy.LearningRate.mean": {
            "value": 0.00029821665059444997,
            "min": 0.00029821665059444997,
            "max": 0.0002993801144923428,
            "count": 2
        },
        "Mover.Policy.LearningRate.sum": {
            "value": 0.0023857332047555998,
            "min": 0.0020956608014463998,
            "max": 0.0023857332047555998,
            "count": 2
        },
        "Mover.Policy.Epsilon.mean": {
            "value": 0.19940555,
            "min": 0.19940555,
            "max": 0.1997933714285714,
            "count": 2
        },
        "Mover.Policy.Epsilon.sum": {
            "value": 1.5952444,
            "min": 1.3985535999999998,
            "max": 1.5952444,
            "count": 2
        },
        "Mover.Policy.Beta.mean": {
            "value": 0.004970336945000001,
            "min": 0.004970336945000001,
            "max": 0.004989689234285714,
            "count": 2
        },
        "Mover.Policy.Beta.sum": {
            "value": 0.039762695560000005,
            "min": 0.03492782464,
            "max": 0.039762695560000005,
            "count": 2
        },
        "Mover.Environment.EpisodeLength.mean": {
            "value": 1114.0,
            "min": 607.5,
            "max": 1114.0,
            "count": 2
        },
        "Mover.Environment.EpisodeLength.sum": {
            "value": 2228.0,
            "min": 1215.0,
            "max": 2228.0,
            "count": 2
        },
        "Mover.Environment.CumulativeReward.mean": {
            "value": -0.9499999992549419,
            "min": -1.0,
            "max": -0.9499999992549419,
            "count": 2
        },
        "Mover.Environment.CumulativeReward.sum": {
            "value": -1.8999999985098839,
            "min": -2.0,
            "max": -1.8999999985098839,
            "count": 2
        },
        "Mover.Policy.ExtrinsicReward.mean": {
            "value": -0.9499999992549419,
            "min": -1.0,
            "max": -0.9499999992549419,
            "count": 2
        },
        "Mover.Policy.ExtrinsicReward.sum": {
            "value": -1.8999999985098839,
            "min": -2.0,
            "max": -1.8999999985098839,
            "count": 2
        },
        "Mover.IsTraining.mean": {
            "value": 1.0,
            "min": 1.0,
            "max": 1.0,
            "count": 2
        },
        "Mover.IsTraining.sum": {
            "value": 1.0,
            "min": 1.0,
            "max": 1.0,
            "count": 2
        }
    },
    "metadata": {
        "timer_format_version": "0.1.0",
        "start_time_seconds": "1640370093",
        "python_version": "3.8.12 (default, Oct 12 2021, 03:01:40) [MSC v.1916 64 bit (AMD64)]",
        "command_line_arguments": "C:\\Users\\Jean\\anaconda3\\envs\\mlagents\\Scripts\\mlagents-learn Mover.yaml --run-id m06",
        "mlagents_version": "0.27.0",
        "mlagents_envs_version": "0.27.0",
        "communication_protocol_version": "1.5.0",
        "pytorch_version": "1.10.0+cpu",
        "numpy_version": "1.21.4",
        "end_time_seconds": "1640370120"
    },
    "total": 26.5303075,
    "count": 1,
    "self": 0.006091199999996633,
    "children": {
        "run_training.setup": {
            "total": 0.07206000000000001,
            "count": 1,
            "self": 0.07206000000000001
        },
        "TrainerController.start_learning": {
            "total": 26.452156300000002,
            "count": 1,
            "self": 0.12441439999997783,
            "children": {
                "TrainerController._reset_env": {
                    "total": 6.0250089000000004,
                    "count": 1,
                    "self": 6.0250089000000004
                },
                "TrainerController.advance": {
                    "total": 20.231860900000026,
                    "count": 4668,
                    "self": 0.03751929999992498,
                    "children": {
                        "env_step": {
                            "total": 20.1943416000001,
                            "count": 4668,
                            "self": 16.990454700000008,
                            "children": {
                                "SubprocessEnvManager._take_step": {
                                    "total": 3.162432399999986,
                                    "count": 4668,
                                    "self": 0.15510029999998665,
                                    "children": {
                                        "TorchPolicy.evaluate": {
                                            "total": 3.0073320999999993,
                                            "count": 4664,
                                            "self": 0.8209481999999948,
                                            "children": {
                                                "TorchPolicy.sample_actions": {
                                                    "total": 2.1863839000000045,
                                                    "count": 4664,
                                                    "self": 2.1863839000000045
                                                }
                                            }
                                        }
                                    }
                                },
                                "workers": {
                                    "total": 0.04145450000010786,
                                    "count": 4667,
                                    "self": 0.0,
                                    "children": {
                                        "worker_root": {
                                            "total": 20.22336420000002,
                                            "count": 4667,
                                            "is_parallel": true,
                                            "self": 6.377095900000043,